interaction,constraint,rating
01單選物件,In-Air,5
01單選物件,In-Air,4
01單選物件,In-Air,3
01單選物件,In-Air,3
01單選物件,In-Air,5
01單選物件,In-Air,4
01單選物件,In-Air,4
01單選物件,In-Air,2
01單選物件,In-Air,3
01單選物件,In-Air,5
01單選物件,In-Air,4
01單選物件,In-Air,5
01單選物件,In-Air,3
01單選物件,In-Air,3
01單選物件,In-Air,4
01單選物件,In-Air,3
01單選物件,In-Air,3
01單選物件,In-Air,5
01單選物件,In-Air,4
01單選物件,In-Air,5
01單選物件,In-Air,5
01單選物件,In-Air,4
01單選物件,In-Air,5
01單選物件,In-Air,3
01單選物件,In-Air,4
01單選物件,In-Air,4
01單選物件,In-Air,3
01單選物件,In-Air,3
01單選物件,In-Air,5
01單選物件,In-Air,4
01單選物件,In-Air,4
01單選物件,In-Air,2
01單選物件,In-Air,3
01單選物件,In-Air,5
01單選物件,In-Air,4
01單選物件,In-Air,5
01單選物件,In-Air,3
01單選物件,In-Air,3
01單選物件,In-Air,4
01單選物件,In-Air,3
01單選物件,In-Air,3
01單選物件,In-Air,4
01單選物件,In-Air,4
01單選物件,In-Air,5
01單選物件,In-Air,5
01單選物件,In-Air,3
01單選物件,In-Air,5
01單選物件,In-Air,3
01單選物件,On-Body,4
01單選物件,On-Body,5
01單選物件,On-Body,3
01單選物件,On-Body,4
01單選物件,On-Body,4
01單選物件,On-Body,3
01單選物件,On-Body,4
01單選物件,On-Body,2
01單選物件,On-Body,3
01單選物件,On-Body,4
01單選物件,On-Body,3
01單選物件,On-Body,4
01單選物件,On-Body,3
01單選物件,On-Body,4
01單選物件,On-Body,4
01單選物件,On-Body,4
01單選物件,On-Body,4
01單選物件,On-Body,4
01單選物件,On-Body,4
01單選物件,On-Body,4
01單選物件,On-Body,3
01單選物件,On-Body,4
01單選物件,On-Body,5
01單選物件,On-Body,3
01單選物件,On-Body,4
01單選物件,On-Body,5
01單選物件,On-Body,3
01單選物件,On-Body,4
01單選物件,On-Body,5
01單選物件,On-Body,3
01單選物件,On-Body,4
01單選物件,On-Body,2
01單選物件,On-Body,3
01單選物件,On-Body,3
01單選物件,On-Body,3
01單選物件,On-Body,4
01單選物件,On-Body,3
01單選物件,On-Body,4
01單選物件,On-Body,4
01單選物件,On-Body,4
01單選物件,On-Body,4
01單選物件,On-Body,4
01單選物件,On-Body,4
01單選物件,On-Body,4
01單選物件,On-Body,3
01單選物件,On-Body,4
01單選物件,On-Body,5
01單選物件,On-Body,4
01單選物件,Phone,4
01單選物件,Phone,5
01單選物件,Phone,2
01單選物件,Phone,4
01單選物件,Phone,4
01單選物件,Phone,5
01單選物件,Phone,3
01單選物件,Phone,2
01單選物件,Phone,2
01單選物件,Phone,1
01單選物件,Phone,5
01單選物件,Phone,3
01單選物件,Phone,3
01單選物件,Phone,4
01單選物件,Phone,4
01單選物件,Phone,4
01單選物件,Phone,4
01單選物件,Phone,4
01單選物件,Phone,4
01單選物件,Phone,4
01單選物件,Phone,4
01單選物件,Phone,5
01單選物件,Phone,5
01單選物件,Phone,4
01單選物件,Phone,4
01單選物件,Phone,5
01單選物件,Phone,2
01單選物件,Phone,4
01單選物件,Phone,4
01單選物件,Phone,4
01單選物件,Phone,3
01單選物件,Phone,2
01單選物件,Phone,2
01單選物件,Phone,1
01單選物件,Phone,5
01單選物件,Phone,3
01單選物件,Phone,3
01單選物件,Phone,4
01單選物件,Phone,4
01單選物件,Phone,4
01單選物件,Phone,4
01單選物件,Phone,4
01單選物件,Phone,4
01單選物件,Phone,4
01單選物件,Phone,4
01單選物件,Phone,5
01單選物件,Phone,5
01單選物件,Phone,4
02選單選項(直),In-Air,4
02選單選項(直),In-Air,5
02選單選項(直),In-Air,4
02選單選項(直),In-Air,4
02選單選項(直),In-Air,4
02選單選項(直),In-Air,3
02選單選項(直),In-Air,5
02選單選項(直),In-Air,3
02選單選項(直),In-Air,5
02選單選項(直),In-Air,3
02選單選項(直),In-Air,4
02選單選項(直),In-Air,5
02選單選項(直),In-Air,4
02選單選項(直),In-Air,2
02選單選項(直),In-Air,4
02選單選項(直),In-Air,3
02選單選項(直),In-Air,3
02選單選項(直),In-Air,5
02選單選項(直),In-Air,3
02選單選項(直),In-Air,5
02選單選項(直),In-Air,5
02選單選項(直),In-Air,5
02選單選項(直),In-Air,4
02選單選項(直),In-Air,3
02選單選項(直),In-Air,4
02選單選項(直),In-Air,5
02選單選項(直),In-Air,3
02選單選項(直),In-Air,4
02選單選項(直),In-Air,4
02選單選項(直),In-Air,2
02選單選項(直),In-Air,5
02選單選項(直),In-Air,3
02選單選項(直),In-Air,5
02選單選項(直),In-Air,3
02選單選項(直),In-Air,4
02選單選項(直),In-Air,5
02選單選項(直),In-Air,4
02選單選項(直),In-Air,2
02選單選項(直),In-Air,4
02選單選項(直),In-Air,3
02選單選項(直),In-Air,3
02選單選項(直),In-Air,4
02選單選項(直),In-Air,3
02選單選項(直),In-Air,4
02選單選項(直),In-Air,4
02選單選項(直),In-Air,3
02選單選項(直),In-Air,4
02選單選項(直),In-Air,4
02選單選項(直),On-Body,4
02選單選項(直),On-Body,5
02選單選項(直),On-Body,4
02選單選項(直),On-Body,3
02選單選項(直),On-Body,5
02選單選項(直),On-Body,3
02選單選項(直),On-Body,4
02選單選項(直),On-Body,4
02選單選項(直),On-Body,5
02選單選項(直),On-Body,4
02選單選項(直),On-Body,4
02選單選項(直),On-Body,4
02選單選項(直),On-Body,4
02選單選項(直),On-Body,4
02選單選項(直),On-Body,5
02選單選項(直),On-Body,4
02選單選項(直),On-Body,4
02選單選項(直),On-Body,4
02選單選項(直),On-Body,4
02選單選項(直),On-Body,4
02選單選項(直),On-Body,4
02選單選項(直),On-Body,5
02選單選項(直),On-Body,5
02選單選項(直),On-Body,4
02選單選項(直),On-Body,4
02選單選項(直),On-Body,5
02選單選項(直),On-Body,4
02選單選項(直),On-Body,3
02選單選項(直),On-Body,5
02選單選項(直),On-Body,3
02選單選項(直),On-Body,4
02選單選項(直),On-Body,4
02選單選項(直),On-Body,5
02選單選項(直),On-Body,4
02選單選項(直),On-Body,4
02選單選項(直),On-Body,4
02選單選項(直),On-Body,4
02選單選項(直),On-Body,4
02選單選項(直),On-Body,5
02選單選項(直),On-Body,4
02選單選項(直),On-Body,4
02選單選項(直),On-Body,4
02選單選項(直),On-Body,4
02選單選項(直),On-Body,4
02選單選項(直),On-Body,4
02選單選項(直),On-Body,5
02選單選項(直),On-Body,5
02選單選項(直),On-Body,4
02選單選項(直),Phone,4
02選單選項(直),Phone,4
02選單選項(直),Phone,3
02選單選項(直),Phone,4
02選單選項(直),Phone,2
02選單選項(直),Phone,4
02選單選項(直),Phone,4
02選單選項(直),Phone,3
02選單選項(直),Phone,5
02選單選項(直),Phone,3
02選單選項(直),Phone,4
02選單選項(直),Phone,3
02選單選項(直),Phone,3
02選單選項(直),Phone,4
02選單選項(直),Phone,4
02選單選項(直),Phone,4
02選單選項(直),Phone,4
02選單選項(直),Phone,3
02選單選項(直),Phone,3
02選單選項(直),Phone,5
02選單選項(直),Phone,3
02選單選項(直),Phone,4
02選單選項(直),Phone,5
02選單選項(直),Phone,4
02選單選項(直),Phone,4
02選單選項(直),Phone,4
02選單選項(直),Phone,3
02選單選項(直),Phone,4
02選單選項(直),Phone,2
02選單選項(直),Phone,4
02選單選項(直),Phone,4
02選單選項(直),Phone,3
02選單選項(直),Phone,5
02選單選項(直),Phone,3
02選單選項(直),Phone,4
02選單選項(直),Phone,3
02選單選項(直),Phone,3
02選單選項(直),Phone,4
02選單選項(直),Phone,4
02選單選項(直),Phone,4
02選單選項(直),Phone,4
02選單選項(直),Phone,3
02選單選項(直),Phone,3
02選單選項(直),Phone,5
02選單選項(直),Phone,3
02選單選項(直),Phone,4
02選單選項(直),Phone,5
02選單選項(直),Phone,4
03選單選項(橫),In-Air,4
03選單選項(橫),In-Air,5
03選單選項(橫),In-Air,3
03選單選項(橫),In-Air,4
03選單選項(橫),In-Air,3
03選單選項(橫),In-Air,4
03選單選項(橫),In-Air,4
03選單選項(橫),In-Air,4
03選單選項(橫),In-Air,4
03選單選項(橫),In-Air,5
03選單選項(橫),In-Air,4
03選單選項(橫),In-Air,5
03選單選項(橫),In-Air,3
03選單選項(橫),In-Air,4
03選單選項(橫),In-Air,5
03選單選項(橫),In-Air,3
03選單選項(橫),In-Air,3
03選單選項(橫),In-Air,5
03選單選項(橫),In-Air,3
03選單選項(橫),In-Air,5
03選單選項(橫),In-Air,5
03選單選項(橫),In-Air,4
03選單選項(橫),In-Air,5
03選單選項(橫),In-Air,3
03選單選項(橫),In-Air,4
03選單選項(橫),In-Air,5
03選單選項(橫),In-Air,3
03選單選項(橫),In-Air,4
03選單選項(橫),In-Air,3
03選單選項(橫),In-Air,3
03選單選項(橫),In-Air,4
03選單選項(橫),In-Air,4
03選單選項(橫),In-Air,4
03選單選項(橫),In-Air,5
03選單選項(橫),In-Air,4
03選單選項(橫),In-Air,5
03選單選項(橫),In-Air,3
03選單選項(橫),In-Air,4
03選單選項(橫),In-Air,5
03選單選項(橫),In-Air,3
03選單選項(橫),In-Air,3
03選單選項(橫),In-Air,5
03選單選項(橫),In-Air,3
03選單選項(橫),In-Air,4
03選單選項(橫),In-Air,5
03選單選項(橫),In-Air,2
03選單選項(橫),In-Air,5
03選單選項(橫),In-Air,3
03選單選項(橫),On-Body,4
03選單選項(橫),On-Body,5
03選單選項(橫),On-Body,4
03選單選項(橫),On-Body,4
03選單選項(橫),On-Body,4
03選單選項(橫),On-Body,4
03選單選項(橫),On-Body,4
03選單選項(橫),On-Body,4
03選單選項(橫),On-Body,3
03選單選項(橫),On-Body,5
03選單選項(橫),On-Body,4
03選單選項(橫),On-Body,4
03選單選項(橫),On-Body,3
03選單選項(橫),On-Body,3
03選單選項(橫),On-Body,5
03選單選項(橫),On-Body,3
03選單選項(橫),On-Body,5
03選單選項(橫),On-Body,4
03選單選項(橫),On-Body,3
03選單選項(橫),On-Body,3
03選單選項(橫),On-Body,4
03選單選項(橫),On-Body,4
03選單選項(橫),On-Body,4
03選單選項(橫),On-Body,4
03選單選項(橫),On-Body,4
03選單選項(橫),On-Body,5
03選單選項(橫),On-Body,4
03選單選項(橫),On-Body,4
03選單選項(橫),On-Body,4
03選單選項(橫),On-Body,4
03選單選項(橫),On-Body,4
03選單選項(橫),On-Body,4
03選單選項(橫),On-Body,3
03選單選項(橫),On-Body,5
03選單選項(橫),On-Body,3
03選單選項(橫),On-Body,4
03選單選項(橫),On-Body,3
03選單選項(橫),On-Body,3
03選單選項(橫),On-Body,5
03選單選項(橫),On-Body,3
03選單選項(橫),On-Body,5
03選單選項(橫),On-Body,4
03選單選項(橫),On-Body,3
03選單選項(橫),On-Body,3
03選單選項(橫),On-Body,4
03選單選項(橫),On-Body,4
03選單選項(橫),On-Body,4
03選單選項(橫),On-Body,4
03選單選項(橫),Phone,4
03選單選項(橫),Phone,4
03選單選項(橫),Phone,2
03選單選項(橫),Phone,4
03選單選項(橫),Phone,3
03選單選項(橫),Phone,4
03選單選項(橫),Phone,4
03選單選項(橫),Phone,3
03選單選項(橫),Phone,3
03選單選項(橫),Phone,5
03選單選項(橫),Phone,4
03選單選項(橫),Phone,3
03選單選項(橫),Phone,3
03選單選項(橫),Phone,3
03選單選項(橫),Phone,4
03選單選項(橫),Phone,4
03選單選項(橫),Phone,4
03選單選項(橫),Phone,4
03選單選項(橫),Phone,5
03選單選項(橫),Phone,4
03選單選項(橫),Phone,3
03選單選項(橫),Phone,5
03選單選項(橫),Phone,4
03選單選項(橫),Phone,4
03選單選項(橫),Phone,4
03選單選項(橫),Phone,4
03選單選項(橫),Phone,2
03選單選項(橫),Phone,4
03選單選項(橫),Phone,3
03選單選項(橫),Phone,4
03選單選項(橫),Phone,4
03選單選項(橫),Phone,3
03選單選項(橫),Phone,3
03選單選項(橫),Phone,5
03選單選項(橫),Phone,4
03選單選項(橫),Phone,3
03選單選項(橫),Phone,3
03選單選項(橫),Phone,3
03選單選項(橫),Phone,4
03選單選項(橫),Phone,4
03選單選項(橫),Phone,4
03選單選項(橫),Phone,4
03選單選項(橫),Phone,5
03選單選項(橫),Phone,4
03選單選項(橫),Phone,3
03選單選項(橫),Phone,5
03選單選項(橫),Phone,4
03選單選項(橫),Phone,4
04左右移動,In-Air,4
04左右移動,In-Air,5
04左右移動,In-Air,4
04左右移動,In-Air,4
04左右移動,In-Air,4
04左右移動,In-Air,3
04左右移動,In-Air,4
04左右移動,In-Air,3
04左右移動,In-Air,2
04左右移動,In-Air,5
04左右移動,In-Air,4
04左右移動,In-Air,5
04左右移動,In-Air,4
04左右移動,In-Air,3
04左右移動,In-Air,4
04左右移動,In-Air,4
04左右移動,In-Air,3
04左右移動,In-Air,4
04左右移動,In-Air,5
04左右移動,In-Air,5
04左右移動,In-Air,5
04左右移動,In-Air,4
04左右移動,In-Air,4
04左右移動,In-Air,2
04左右移動,In-Air,3
04左右移動,In-Air,5
04左右移動,In-Air,4
04左右移動,In-Air,4
04左右移動,In-Air,5
04左右移動,In-Air,3
04左右移動,In-Air,4
04左右移動,In-Air,3
04左右移動,In-Air,2
04左右移動,In-Air,5
04左右移動,In-Air,4
04左右移動,In-Air,5
04左右移動,In-Air,4
04左右移動,In-Air,3
04左右移動,In-Air,4
04左右移動,In-Air,4
04左右移動,In-Air,3
04左右移動,In-Air,4
04左右移動,In-Air,5
04左右移動,In-Air,5
04左右移動,In-Air,3
04左右移動,In-Air,4
04左右移動,In-Air,4
04左右移動,In-Air,2
04左右移動,On-Body,4
04左右移動,On-Body,5
04左右移動,On-Body,4
04左右移動,On-Body,3
04左右移動,On-Body,4
04左右移動,On-Body,3
04左右移動,On-Body,4
04左右移動,On-Body,4
04左右移動,On-Body,3
04左右移動,On-Body,3
04左右移動,On-Body,2
04左右移動,On-Body,4
04左右移動,On-Body,4
04左右移動,On-Body,3
04左右移動,On-Body,5
04左右移動,On-Body,4
04左右移動,On-Body,5
04左右移動,On-Body,4
04左右移動,On-Body,5
04左右移動,On-Body,3
04左右移動,On-Body,3
04左右移動,On-Body,3
04左右移動,On-Body,5
04左右移動,On-Body,4
04左右移動,On-Body,4
04左右移動,On-Body,5
04左右移動,On-Body,4
04左右移動,On-Body,3
04左右移動,On-Body,4
04左右移動,On-Body,5
04左右移動,On-Body,4
04左右移動,On-Body,4
04左右移動,On-Body,3
04左右移動,On-Body,3
04左右移動,On-Body,3
04左右移動,On-Body,4
04左右移動,On-Body,4
04左右移動,On-Body,3
04左右移動,On-Body,5
04左右移動,On-Body,4
04左右移動,On-Body,5
04左右移動,On-Body,4
04左右移動,On-Body,5
04左右移動,On-Body,3
04左右移動,On-Body,3
04左右移動,On-Body,3
04左右移動,On-Body,5
04左右移動,On-Body,4
04左右移動,Phone,4
04左右移動,Phone,4
04左右移動,Phone,3
04左右移動,Phone,4
04左右移動,Phone,4
04左右移動,Phone,3
04左右移動,Phone,4
04左右移動,Phone,4
04左右移動,Phone,3
04左右移動,Phone,5
04左右移動,Phone,4
04左右移動,Phone,3
04左右移動,Phone,3
04左右移動,Phone,5
04左右移動,Phone,4
04左右移動,Phone,4
04左右移動,Phone,4
04左右移動,Phone,4
04左右移動,Phone,5
04左右移動,Phone,4
04左右移動,Phone,3
04左右移動,Phone,5
04左右移動,Phone,5
04左右移動,Phone,4
04左右移動,Phone,4
04左右移動,Phone,4
04左右移動,Phone,3
04左右移動,Phone,4
04左右移動,Phone,4
04左右移動,Phone,3
04左右移動,Phone,4
04左右移動,Phone,4
04左右移動,Phone,3
04左右移動,Phone,5
04左右移動,Phone,4
04左右移動,Phone,3
04左右移動,Phone,3
04左右移動,Phone,5
04左右移動,Phone,4
04左右移動,Phone,4
04左右移動,Phone,4
04左右移動,Phone,4
04左右移動,Phone,5
04左右移動,Phone,4
04左右移動,Phone,3
04左右移動,Phone,5
04左右移動,Phone,5
04左右移動,Phone,4
05上下左右移動,In-Air,4
05上下左右移動,In-Air,5
05上下左右移動,In-Air,4
05上下左右移動,In-Air,3
05上下左右移動,In-Air,3
05上下左右移動,In-Air,3
05上下左右移動,In-Air,4
05上下左右移動,In-Air,3
05上下左右移動,In-Air,5
05上下左右移動,In-Air,2
05上下左右移動,In-Air,5
05上下左右移動,In-Air,5
05上下左右移動,In-Air,3
05上下左右移動,In-Air,2
05上下左右移動,In-Air,5
05上下左右移動,In-Air,3
05上下左右移動,In-Air,4
05上下左右移動,In-Air,5
05上下左右移動,In-Air,5
05上下左右移動,In-Air,4
05上下左右移動,In-Air,5
05上下左右移動,In-Air,3
05上下左右移動,In-Air,5
05上下左右移動,In-Air,2
05上下左右移動,In-Air,4
05上下左右移動,In-Air,5
05上下左右移動,In-Air,4
05上下左右移動,In-Air,3
05上下左右移動,In-Air,3
05上下左右移動,In-Air,3
05上下左右移動,In-Air,4
05上下左右移動,In-Air,3
05上下左右移動,In-Air,3
05上下左右移動,In-Air,2
05上下左右移動,In-Air,5
05上下左右移動,In-Air,5
05上下左右移動,In-Air,3
05上下左右移動,In-Air,2
05上下左右移動,In-Air,5
05上下左右移動,In-Air,3
05上下左右移動,In-Air,4
05上下左右移動,In-Air,5
05上下左右移動,In-Air,5
05上下左右移動,In-Air,4
05上下左右移動,In-Air,5
05上下左右移動,In-Air,4
05上下左右移動,In-Air,5
05上下左右移動,In-Air,2
05上下左右移動,On-Body,4
05上下左右移動,On-Body,5
05上下左右移動,On-Body,4
05上下左右移動,On-Body,3
05上下左右移動,On-Body,4
05上下左右移動,On-Body,3
05上下左右移動,On-Body,4
05上下左右移動,On-Body,3
05上下左右移動,On-Body,2
05上下左右移動,On-Body,3
05上下左右移動,On-Body,4
05上下左右移動,On-Body,5
05上下左右移動,On-Body,3
05上下左右移動,On-Body,3
05上下左右移動,On-Body,4
05上下左右移動,On-Body,4
05上下左右移動,On-Body,5
05上下左右移動,On-Body,5
05上下左右移動,On-Body,5
05上下左右移動,On-Body,3
05上下左右移動,On-Body,4
05上下左右移動,On-Body,4
05上下左右移動,On-Body,5
05上下左右移動,On-Body,4
05上下左右移動,On-Body,4
05上下左右移動,On-Body,5
05上下左右移動,On-Body,4
05上下左右移動,On-Body,3
05上下左右移動,On-Body,4
05上下左右移動,On-Body,3
05上下左右移動,On-Body,4
05上下左右移動,On-Body,3
05上下左右移動,On-Body,5
05上下左右移動,On-Body,3
05上下左右移動,On-Body,4
05上下左右移動,On-Body,5
05上下左右移動,On-Body,3
05上下左右移動,On-Body,3
05上下左右移動,On-Body,4
05上下左右移動,On-Body,4
05上下左右移動,On-Body,5
05上下左右移動,On-Body,5
05上下左右移動,On-Body,5
05上下左右移動,On-Body,3
05上下左右移動,On-Body,4
05上下左右移動,On-Body,3
05上下左右移動,On-Body,5
05上下左右移動,On-Body,4
05上下左右移動,Phone,4
05上下左右移動,Phone,4
05上下左右移動,Phone,3
05上下左右移動,Phone,4
05上下左右移動,Phone,3
05上下左右移動,Phone,4
05上下左右移動,Phone,4
05上下左右移動,Phone,4
05上下左右移動,Phone,1
05上下左右移動,Phone,3
05上下左右移動,Phone,5
05上下左右移動,Phone,3
05上下左右移動,Phone,4
05上下左右移動,Phone,4
05上下左右移動,Phone,4
05上下左右移動,Phone,3
05上下左右移動,Phone,4
05上下左右移動,Phone,4
05上下左右移動,Phone,5
05上下左右移動,Phone,4
05上下左右移動,Phone,5
05上下左右移動,Phone,5
05上下左右移動,Phone,4
05上下左右移動,Phone,4
05上下左右移動,Phone,4
05上下左右移動,Phone,4
05上下左右移動,Phone,3
05上下左右移動,Phone,4
05上下左右移動,Phone,3
05上下左右移動,Phone,4
05上下左右移動,Phone,4
05上下左右移動,Phone,4
05上下左右移動,Phone,2
05上下左右移動,Phone,3
05上下左右移動,Phone,5
05上下左右移動,Phone,3
05上下左右移動,Phone,3
05上下左右移動,Phone,4
05上下左右移動,Phone,4
05上下左右移動,Phone,3
05上下左右移動,Phone,4
05上下左右移動,Phone,4
05上下左右移動,Phone,5
05上下左右移動,Phone,4
05上下左右移動,Phone,5
05上下左右移動,Phone,5
05上下左右移動,Phone,4
05上下左右移動,Phone,4
06交換物件位置,In-Air,4
06交換物件位置,In-Air,5
06交換物件位置,In-Air,4
06交換物件位置,In-Air,4
06交換物件位置,In-Air,5
06交換物件位置,In-Air,3
06交換物件位置,In-Air,4
06交換物件位置,In-Air,2
06交換物件位置,In-Air,2
06交換物件位置,In-Air,5
06交換物件位置,In-Air,4
06交換物件位置,In-Air,5
06交換物件位置,In-Air,3
06交換物件位置,In-Air,2
06交換物件位置,In-Air,4
06交換物件位置,In-Air,4
06交換物件位置,In-Air,3
06交換物件位置,In-Air,5
06交換物件位置,In-Air,3
06交換物件位置,In-Air,5
06交換物件位置,In-Air,4
06交換物件位置,In-Air,4
06交換物件位置,In-Air,4
06交換物件位置,In-Air,4
06交換物件位置,In-Air,4
06交換物件位置,In-Air,5
06交換物件位置,In-Air,4
06交換物件位置,In-Air,4
06交換物件位置,In-Air,3
06交換物件位置,In-Air,4
06交換物件位置,In-Air,4
06交換物件位置,In-Air,2
06交換物件位置,In-Air,2
06交換物件位置,In-Air,5
06交換物件位置,In-Air,4
06交換物件位置,In-Air,5
06交換物件位置,In-Air,3
06交換物件位置,In-Air,2
06交換物件位置,In-Air,4
06交換物件位置,In-Air,4
06交換物件位置,In-Air,3
06交換物件位置,In-Air,4
06交換物件位置,In-Air,3
06交換物件位置,In-Air,4
06交換物件位置,In-Air,4
06交換物件位置,In-Air,4
06交換物件位置,In-Air,4
06交換物件位置,In-Air,4
06交換物件位置,On-Body,4
06交換物件位置,On-Body,4
06交換物件位置,On-Body,4
06交換物件位置,On-Body,4
06交換物件位置,On-Body,4
06交換物件位置,On-Body,4
06交換物件位置,On-Body,4
06交換物件位置,On-Body,2
06交換物件位置,On-Body,3
06交換物件位置,On-Body,5
06交換物件位置,On-Body,1
06交換物件位置,On-Body,3
06交換物件位置,On-Body,3
06交換物件位置,On-Body,3
06交換物件位置,On-Body,5
06交換物件位置,On-Body,3
06交換物件位置,On-Body,4
06交換物件位置,On-Body,3
06交換物件位置,On-Body,2
06交換物件位置,On-Body,3
06交換物件位置,On-Body,2
06交換物件位置,On-Body,4
06交換物件位置,On-Body,5
06交換物件位置,On-Body,4
06交換物件位置,On-Body,3
06交換物件位置,On-Body,4
06交換物件位置,On-Body,4
06交換物件位置,On-Body,4
06交換物件位置,On-Body,4
06交換物件位置,On-Body,4
06交換物件位置,On-Body,4
06交換物件位置,On-Body,2
06交換物件位置,On-Body,3
06交換物件位置,On-Body,5
06交換物件位置,On-Body,1
06交換物件位置,On-Body,3
06交換物件位置,On-Body,3
06交換物件位置,On-Body,3
06交換物件位置,On-Body,5
06交換物件位置,On-Body,3
06交換物件位置,On-Body,4
06交換物件位置,On-Body,3
06交換物件位置,On-Body,2
06交換物件位置,On-Body,3
06交換物件位置,On-Body,2
06交換物件位置,On-Body,4
06交換物件位置,On-Body,5
06交換物件位置,On-Body,4
06交換物件位置,Phone,4
06交換物件位置,Phone,5
06交換物件位置,Phone,2
06交換物件位置,Phone,3
06交換物件位置,Phone,3
06交換物件位置,Phone,4
06交換物件位置,Phone,4
06交換物件位置,Phone,3
06交換物件位置,Phone,3
06交換物件位置,Phone,5
06交換物件位置,Phone,5
06交換物件位置,Phone,2
06交換物件位置,Phone,4
06交換物件位置,Phone,4
06交換物件位置,Phone,3
06交換物件位置,Phone,3
06交換物件位置,Phone,3
06交換物件位置,Phone,3
06交換物件位置,Phone,3
06交換物件位置,Phone,4
06交換物件位置,Phone,2
06交換物件位置,Phone,4
06交換物件位置,Phone,5
06交換物件位置,Phone,4
06交換物件位置,Phone,3
06交換物件位置,Phone,5
06交換物件位置,Phone,2
06交換物件位置,Phone,3
06交換物件位置,Phone,3
06交換物件位置,Phone,4
06交換物件位置,Phone,4
06交換物件位置,Phone,3
06交換物件位置,Phone,3
06交換物件位置,Phone,5
06交換物件位置,Phone,5
06交換物件位置,Phone,2
06交換物件位置,Phone,4
06交換物件位置,Phone,4
06交換物件位置,Phone,3
06交換物件位置,Phone,3
06交換物件位置,Phone,3
06交換物件位置,Phone,3
06交換物件位置,Phone,3
06交換物件位置,Phone,4
06交換物件位置,Phone,2
06交換物件位置,Phone,4
06交換物件位置,Phone,5
06交換物件位置,Phone,4
07移至特定位置,In-Air,5
07移至特定位置,In-Air,4
07移至特定位置,In-Air,3
07移至特定位置,In-Air,4
07移至特定位置,In-Air,5
07移至特定位置,In-Air,3
07移至特定位置,In-Air,4
07移至特定位置,In-Air,2
07移至特定位置,In-Air,2
07移至特定位置,In-Air,3
07移至特定位置,In-Air,5
07移至特定位置,In-Air,5
07移至特定位置,In-Air,4
07移至特定位置,In-Air,3
07移至特定位置,In-Air,4
07移至特定位置,In-Air,5
07移至特定位置,In-Air,3
07移至特定位置,In-Air,5
07移至特定位置,In-Air,5
07移至特定位置,In-Air,5
07移至特定位置,In-Air,4
07移至特定位置,In-Air,5
07移至特定位置,In-Air,4
07移至特定位置,In-Air,4
07移至特定位置,In-Air,5
07移至特定位置,In-Air,4
07移至特定位置,In-Air,3
07移至特定位置,In-Air,4
07移至特定位置,In-Air,5
07移至特定位置,In-Air,4
07移至特定位置,In-Air,4
07移至特定位置,In-Air,2
07移至特定位置,In-Air,2
07移至特定位置,In-Air,5
07移至特定位置,In-Air,5
07移至特定位置,In-Air,5
07移至特定位置,In-Air,4
07移至特定位置,In-Air,3
07移至特定位置,In-Air,4
07移至特定位置,In-Air,5
07移至特定位置,In-Air,3
07移至特定位置,In-Air,4
07移至特定位置,In-Air,5
07移至特定位置,In-Air,4
07移至特定位置,In-Air,2
07移至特定位置,In-Air,4
07移至特定位置,In-Air,4
07移至特定位置,In-Air,4
07移至特定位置,On-Body,3
07移至特定位置,On-Body,4
07移至特定位置,On-Body,4
07移至特定位置,On-Body,3
07移至特定位置,On-Body,3
07移至特定位置,On-Body,3
07移至特定位置,On-Body,4
07移至特定位置,On-Body,3
07移至特定位置,On-Body,2
07移至特定位置,On-Body,5
07移至特定位置,On-Body,3
07移至特定位置,On-Body,5
07移至特定位置,On-Body,4
07移至特定位置,On-Body,3
07移至特定位置,On-Body,5
07移至特定位置,On-Body,4
07移至特定位置,On-Body,4
07移至特定位置,On-Body,5
07移至特定位置,On-Body,5
07移至特定位置,On-Body,3
07移至特定位置,On-Body,4
07移至特定位置,On-Body,3
07移至特定位置,On-Body,5
07移至特定位置,On-Body,4
07移至特定位置,On-Body,4
07移至特定位置,On-Body,4
07移至特定位置,On-Body,4
07移至特定位置,On-Body,3
07移至特定位置,On-Body,3
07移至特定位置,On-Body,3
07移至特定位置,On-Body,4
07移至特定位置,On-Body,3
07移至特定位置,On-Body,2
07移至特定位置,On-Body,5
07移至特定位置,On-Body,3
07移至特定位置,On-Body,5
07移至特定位置,On-Body,4
07移至特定位置,On-Body,3
07移至特定位置,On-Body,5
07移至特定位置,On-Body,4
07移至特定位置,On-Body,4
07移至特定位置,On-Body,5
07移至特定位置,On-Body,5
07移至特定位置,On-Body,3
07移至特定位置,On-Body,4
07移至特定位置,On-Body,3
07移至特定位置,On-Body,5
07移至特定位置,On-Body,4
07移至特定位置,Phone,4
07移至特定位置,Phone,3
07移至特定位置,Phone,3
07移至特定位置,Phone,3
07移至特定位置,Phone,3
07移至特定位置,Phone,4
07移至特定位置,Phone,4
07移至特定位置,Phone,3
07移至特定位置,Phone,2
07移至特定位置,Phone,4
07移至特定位置,Phone,4
07移至特定位置,Phone,3
07移至特定位置,Phone,3
07移至特定位置,Phone,4
07移至特定位置,Phone,3
07移至特定位置,Phone,4
07移至特定位置,Phone,4
07移至特定位置,Phone,4
07移至特定位置,Phone,5
07移至特定位置,Phone,4
07移至特定位置,Phone,4
07移至特定位置,Phone,4
07移至特定位置,Phone,4
07移至特定位置,Phone,4
07移至特定位置,Phone,4
07移至特定位置,Phone,3
07移至特定位置,Phone,2
07移至特定位置,Phone,3
07移至特定位置,Phone,3
07移至特定位置,Phone,4
07移至特定位置,Phone,4
07移至特定位置,Phone,3
07移至特定位置,Phone,2
07移至特定位置,Phone,5
07移至特定位置,Phone,4
07移至特定位置,Phone,3
07移至特定位置,Phone,3
07移至特定位置,Phone,4
07移至特定位置,Phone,3
07移至特定位置,Phone,4
07移至特定位置,Phone,4
07移至特定位置,Phone,4
07移至特定位置,Phone,5
07移至特定位置,Phone,4
07移至特定位置,Phone,4
07移至特定位置,Phone,4
07移至特定位置,Phone,4
07移至特定位置,Phone,4
08表達一條Path,In-Air,5
08表達一條Path,In-Air,4
08表達一條Path,In-Air,3
08表達一條Path,In-Air,4
08表達一條Path,In-Air,4
08表達一條Path,In-Air,3
08表達一條Path,In-Air,3
08表達一條Path,In-Air,3
08表達一條Path,In-Air,2
08表達一條Path,In-Air,3
08表達一條Path,In-Air,3
08表達一條Path,In-Air,5
08表達一條Path,In-Air,3
08表達一條Path,In-Air,4
08表達一條Path,In-Air,5
08表達一條Path,In-Air,4
08表達一條Path,In-Air,4
08表達一條Path,In-Air,5
08表達一條Path,In-Air,5
08表達一條Path,In-Air,5
08表達一條Path,In-Air,3
08表達一條Path,In-Air,5
08表達一條Path,In-Air,4
08表達一條Path,In-Air,5
08表達一條Path,In-Air,4
08表達一條Path,In-Air,4
08表達一條Path,In-Air,3
08表達一條Path,In-Air,4
08表達一條Path,In-Air,4
08表達一條Path,In-Air,3
08表達一條Path,In-Air,3
08表達一條Path,In-Air,3
08表達一條Path,In-Air,1
08表達一條Path,In-Air,3
08表達一條Path,In-Air,3
08表達一條Path,In-Air,5
08表達一條Path,In-Air,3
08表達一條Path,In-Air,4
08表達一條Path,In-Air,5
08表達一條Path,In-Air,4
08表達一條Path,In-Air,4
08表達一條Path,In-Air,4
08表達一條Path,In-Air,5
08表達一條Path,In-Air,5
08表達一條Path,In-Air,3
08表達一條Path,In-Air,5
08表達一條Path,In-Air,4
08表達一條Path,In-Air,5
08表達一條Path,On-Body,4
08表達一條Path,On-Body,4
08表達一條Path,On-Body,4
08表達一條Path,On-Body,3
08表達一條Path,On-Body,5
08表達一條Path,On-Body,4
08表達一條Path,On-Body,4
08表達一條Path,On-Body,3
08表達一條Path,On-Body,2
08表達一條Path,On-Body,5
08表達一條Path,On-Body,4
08表達一條Path,On-Body,4
08表達一條Path,On-Body,3
08表達一條Path,On-Body,4
08表達一條Path,On-Body,5
08表達一條Path,On-Body,4
08表達一條Path,On-Body,5
08表達一條Path,On-Body,4
08表達一條Path,On-Body,5
08表達一條Path,On-Body,4
08表達一條Path,On-Body,3
08表達一條Path,On-Body,4
08表達一條Path,On-Body,5
08表達一條Path,On-Body,4
08表達一條Path,On-Body,5
08表達一條Path,On-Body,4
08表達一條Path,On-Body,4
08表達一條Path,On-Body,3
08表達一條Path,On-Body,5
08表達一條Path,On-Body,4
08表達一條Path,On-Body,4
08表達一條Path,On-Body,3
08表達一條Path,On-Body,2
08表達一條Path,On-Body,5
08表達一條Path,On-Body,4
08表達一條Path,On-Body,4
08表達一條Path,On-Body,3
08表達一條Path,On-Body,4
08表達一條Path,On-Body,5
08表達一條Path,On-Body,4
08表達一條Path,On-Body,5
08表達一條Path,On-Body,4
08表達一條Path,On-Body,5
08表達一條Path,On-Body,4
08表達一條Path,On-Body,3
08表達一條Path,On-Body,4
08表達一條Path,On-Body,5
08表達一條Path,On-Body,4
08表達一條Path,Phone,4
08表達一條Path,Phone,4
08表達一條Path,Phone,3
08表達一條Path,Phone,4
08表達一條Path,Phone,3
08表達一條Path,Phone,4
08表達一條Path,Phone,4
08表達一條Path,Phone,4
08表達一條Path,Phone,2
08表達一條Path,Phone,5
08表達一條Path,Phone,4
08表達一條Path,Phone,3
08表達一條Path,Phone,3
08表達一條Path,Phone,4
08表達一條Path,Phone,4
08表達一條Path,Phone,4
08表達一條Path,Phone,4
08表達一條Path,Phone,4
08表達一條Path,Phone,5
08表達一條Path,Phone,5
08表達一條Path,Phone,4
08表達一條Path,Phone,5
08表達一條Path,Phone,5
08表達一條Path,Phone,3
08表達一條Path,Phone,4
08表達一條Path,Phone,4
08表達一條Path,Phone,3
08表達一條Path,Phone,4
08表達一條Path,Phone,3
08表達一條Path,Phone,4
08表達一條Path,Phone,4
08表達一條Path,Phone,4
08表達一條Path,Phone,2
08表達一條Path,Phone,5
08表達一條Path,Phone,4
08表達一條Path,Phone,3
08表達一條Path,Phone,3
08表達一條Path,Phone,4
08表達一條Path,Phone,4
08表達一條Path,Phone,4
08表達一條Path,Phone,4
08表達一條Path,Phone,4
08表達一條Path,Phone,5
08表達一條Path,Phone,5
08表達一條Path,Phone,4
08表達一條Path,Phone,5
08表達一條Path,Phone,5
08表達一條Path,Phone,3
09表達2D發射向量,In-Air,4
09表達2D發射向量,In-Air,5
09表達2D發射向量,In-Air,4
09表達2D發射向量,In-Air,4
09表達2D發射向量,In-Air,5
09表達2D發射向量,In-Air,3
09表達2D發射向量,In-Air,4
09表達2D發射向量,In-Air,3
09表達2D發射向量,In-Air,3
09表達2D發射向量,In-Air,3
09表達2D發射向量,In-Air,4
09表達2D發射向量,In-Air,5
09表達2D發射向量,In-Air,4
09表達2D發射向量,In-Air,4
09表達2D發射向量,In-Air,3
09表達2D發射向量,In-Air,4
09表達2D發射向量,In-Air,4
09表達2D發射向量,In-Air,5
09表達2D發射向量,In-Air,5
09表達2D發射向量,In-Air,5
09表達2D發射向量,In-Air,3
09表達2D發射向量,In-Air,4
09表達2D發射向量,In-Air,5
09表達2D發射向量,In-Air,3
09表達2D發射向量,In-Air,4
09表達2D發射向量,In-Air,5
09表達2D發射向量,In-Air,4
09表達2D發射向量,In-Air,4
09表達2D發射向量,In-Air,4
09表達2D發射向量,In-Air,3
09表達2D發射向量,In-Air,4
09表達2D發射向量,In-Air,3
09表達2D發射向量,In-Air,3
09表達2D發射向量,In-Air,3
09表達2D發射向量,In-Air,4
09表達2D發射向量,In-Air,5
09表達2D發射向量,In-Air,4
09表達2D發射向量,In-Air,4
09表達2D發射向量,In-Air,3
09表達2D發射向量,In-Air,4
09表達2D發射向量,In-Air,4
09表達2D發射向量,In-Air,4
09表達2D發射向量,In-Air,5
09表達2D發射向量,In-Air,5
09表達2D發射向量,In-Air,3
09表達2D發射向量,In-Air,4
09表達2D發射向量,In-Air,5
09表達2D發射向量,In-Air,3
09表達2D發射向量,On-Body,4
09表達2D發射向量,On-Body,5
09表達2D發射向量,On-Body,4
09表達2D發射向量,On-Body,3
09表達2D發射向量,On-Body,5
09表達2D發射向量,On-Body,4
09表達2D發射向量,On-Body,4
09表達2D發射向量,On-Body,4
09表達2D發射向量,On-Body,4
09表達2D發射向量,On-Body,5
09表達2D發射向量,On-Body,4
09表達2D發射向量,On-Body,4
09表達2D發射向量,On-Body,4
09表達2D發射向量,On-Body,4
09表達2D發射向量,On-Body,5
09表達2D發射向量,On-Body,4
09表達2D發射向量,On-Body,5
09表達2D發射向量,On-Body,4
09表達2D發射向量,On-Body,5
09表達2D發射向量,On-Body,4
09表達2D發射向量,On-Body,3
09表達2D發射向量,On-Body,4
09表達2D發射向量,On-Body,4
09表達2D發射向量,On-Body,2
09表達2D發射向量,On-Body,3
09表達2D發射向量,On-Body,5
09表達2D發射向量,On-Body,4
09表達2D發射向量,On-Body,4
09表達2D發射向量,On-Body,5
09表達2D發射向量,On-Body,4
09表達2D發射向量,On-Body,4
09表達2D發射向量,On-Body,4
09表達2D發射向量,On-Body,4
09表達2D發射向量,On-Body,5
09表達2D發射向量,On-Body,4
09表達2D發射向量,On-Body,4
09表達2D發射向量,On-Body,4
09表達2D發射向量,On-Body,4
09表達2D發射向量,On-Body,5
09表達2D發射向量,On-Body,4
09表達2D發射向量,On-Body,5
09表達2D發射向量,On-Body,4
09表達2D發射向量,On-Body,5
09表達2D發射向量,On-Body,4
09表達2D發射向量,On-Body,3
09表達2D發射向量,On-Body,3
09表達2D發射向量,On-Body,4
09表達2D發射向量,On-Body,2
09表達2D發射向量,Phone,4
09表達2D發射向量,Phone,4
09表達2D發射向量,Phone,3
09表達2D發射向量,Phone,4
09表達2D發射向量,Phone,3
09表達2D發射向量,Phone,5
09表達2D發射向量,Phone,4
09表達2D發射向量,Phone,3
09表達2D發射向量,Phone,2
09表達2D發射向量,Phone,4
09表達2D發射向量,Phone,5
09表達2D發射向量,Phone,3
09表達2D發射向量,Phone,3
09表達2D發射向量,Phone,4
09表達2D發射向量,Phone,5
09表達2D發射向量,Phone,3
09表達2D發射向量,Phone,5
09表達2D發射向量,Phone,4
09表達2D發射向量,Phone,5
09表達2D發射向量,Phone,4
09表達2D發射向量,Phone,3
09表達2D發射向量,Phone,5
09表達2D發射向量,Phone,4
09表達2D發射向量,Phone,3
09表達2D發射向量,Phone,4
09表達2D發射向量,Phone,4
09表達2D發射向量,Phone,3
09表達2D發射向量,Phone,4
09表達2D發射向量,Phone,3
09表達2D發射向量,Phone,5
09表達2D發射向量,Phone,4
09表達2D發射向量,Phone,3
09表達2D發射向量,Phone,2
09表達2D發射向量,Phone,4
09表達2D發射向量,Phone,5
09表達2D發射向量,Phone,3
09表達2D發射向量,Phone,3
09表達2D發射向量,Phone,4
09表達2D發射向量,Phone,5
09表達2D發射向量,Phone,3
09表達2D發射向量,Phone,5
09表達2D發射向量,Phone,4
09表達2D發射向量,Phone,5
09表達2D發射向量,Phone,4
09表達2D發射向量,Phone,3
09表達2D發射向量,Phone,5
09表達2D發射向量,Phone,4
09表達2D發射向量,Phone,3
10配合節奏打不同音調,In-Air,4
10配合節奏打不同音調,In-Air,4
10配合節奏打不同音調,In-Air,1
10配合節奏打不同音調,In-Air,3
10配合節奏打不同音調,In-Air,5
10配合節奏打不同音調,In-Air,3
10配合節奏打不同音調,In-Air,4
10配合節奏打不同音調,In-Air,3
10配合節奏打不同音調,In-Air,3
10配合節奏打不同音調,In-Air,5
10配合節奏打不同音調,In-Air,5
10配合節奏打不同音調,In-Air,5
10配合節奏打不同音調,In-Air,2
10配合節奏打不同音調,In-Air,3
10配合節奏打不同音調,In-Air,5
10配合節奏打不同音調,In-Air,4
10配合節奏打不同音調,In-Air,4
10配合節奏打不同音調,In-Air,4
10配合節奏打不同音調,In-Air,5
10配合節奏打不同音調,In-Air,4
10配合節奏打不同音調,In-Air,4
10配合節奏打不同音調,In-Air,5
10配合節奏打不同音調,In-Air,4
10配合節奏打不同音調,In-Air,4
10配合節奏打不同音調,In-Air,4
10配合節奏打不同音調,In-Air,4
10配合節奏打不同音調,In-Air,1
10配合節奏打不同音調,In-Air,3
10配合節奏打不同音調,In-Air,4
10配合節奏打不同音調,In-Air,2
10配合節奏打不同音調,In-Air,4
10配合節奏打不同音調,In-Air,3
10配合節奏打不同音調,In-Air,3
10配合節奏打不同音調,In-Air,5
10配合節奏打不同音調,In-Air,5
10配合節奏打不同音調,In-Air,5
10配合節奏打不同音調,In-Air,2
10配合節奏打不同音調,In-Air,3
10配合節奏打不同音調,In-Air,5
10配合節奏打不同音調,In-Air,4
10配合節奏打不同音調,In-Air,4
10配合節奏打不同音調,In-Air,4
10配合節奏打不同音調,In-Air,5
10配合節奏打不同音調,In-Air,4
10配合節奏打不同音調,In-Air,5
10配合節奏打不同音調,In-Air,5
10配合節奏打不同音調,In-Air,4
10配合節奏打不同音調,In-Air,4
10配合節奏打不同音調,On-Body,4
10配合節奏打不同音調,On-Body,4
10配合節奏打不同音調,On-Body,4
10配合節奏打不同音調,On-Body,4
10配合節奏打不同音調,On-Body,4
10配合節奏打不同音調,On-Body,3
10配合節奏打不同音調,On-Body,4
10配合節奏打不同音調,On-Body,3
10配合節奏打不同音調,On-Body,4
10配合節奏打不同音調,On-Body,4
10配合節奏打不同音調,On-Body,1
10配合節奏打不同音調,On-Body,3
10配合節奏打不同音調,On-Body,4
10配合節奏打不同音調,On-Body,4
10配合節奏打不同音調,On-Body,5
10配合節奏打不同音調,On-Body,4
10配合節奏打不同音調,On-Body,3
10配合節奏打不同音調,On-Body,4
10配合節奏打不同音調,On-Body,4
10配合節奏打不同音調,On-Body,4
10配合節奏打不同音調,On-Body,3
10配合節奏打不同音調,On-Body,4
10配合節奏打不同音調,On-Body,4
10配合節奏打不同音調,On-Body,4
10配合節奏打不同音調,On-Body,4
10配合節奏打不同音調,On-Body,4
10配合節奏打不同音調,On-Body,4
10配合節奏打不同音調,On-Body,4
10配合節奏打不同音調,On-Body,4
10配合節奏打不同音調,On-Body,3
10配合節奏打不同音調,On-Body,4
10配合節奏打不同音調,On-Body,3
10配合節奏打不同音調,On-Body,4
10配合節奏打不同音調,On-Body,4
10配合節奏打不同音調,On-Body,1
10配合節奏打不同音調,On-Body,3
10配合節奏打不同音調,On-Body,4
10配合節奏打不同音調,On-Body,4
10配合節奏打不同音調,On-Body,5
10配合節奏打不同音調,On-Body,4
10配合節奏打不同音調,On-Body,3
10配合節奏打不同音調,On-Body,4
10配合節奏打不同音調,On-Body,4
10配合節奏打不同音調,On-Body,4
10配合節奏打不同音調,On-Body,3
10配合節奏打不同音調,On-Body,4
10配合節奏打不同音調,On-Body,4
10配合節奏打不同音調,On-Body,4
10配合節奏打不同音調,Phone,4
10配合節奏打不同音調,Phone,4
10配合節奏打不同音調,Phone,3
10配合節奏打不同音調,Phone,3
10配合節奏打不同音調,Phone,3
10配合節奏打不同音調,Phone,4
10配合節奏打不同音調,Phone,4
10配合節奏打不同音調,Phone,3
10配合節奏打不同音調,Phone,3
10配合節奏打不同音調,Phone,4
10配合節奏打不同音調,Phone,3
10配合節奏打不同音調,Phone,4
10配合節奏打不同音調,Phone,3
10配合節奏打不同音調,Phone,4
10配合節奏打不同音調,Phone,4
10配合節奏打不同音調,Phone,3
10配合節奏打不同音調,Phone,5
10配合節奏打不同音調,Phone,4
10配合節奏打不同音調,Phone,4
10配合節奏打不同音調,Phone,4
10配合節奏打不同音調,Phone,3
10配合節奏打不同音調,Phone,4
10配合節奏打不同音調,Phone,5
10配合節奏打不同音調,Phone,3
10配合節奏打不同音調,Phone,5
10配合節奏打不同音調,Phone,4
10配合節奏打不同音調,Phone,3
10配合節奏打不同音調,Phone,3
10配合節奏打不同音調,Phone,3
10配合節奏打不同音調,Phone,4
10配合節奏打不同音調,Phone,4
10配合節奏打不同音調,Phone,3
10配合節奏打不同音調,Phone,3
10配合節奏打不同音調,Phone,4
10配合節奏打不同音調,Phone,3
10配合節奏打不同音調,Phone,4
10配合節奏打不同音調,Phone,3
10配合節奏打不同音調,Phone,4
10配合節奏打不同音調,Phone,4
10配合節奏打不同音調,Phone,3
10配合節奏打不同音調,Phone,5
10配合節奏打不同音調,Phone,4
10配合節奏打不同音調,Phone,4
10配合節奏打不同音調,Phone,4
10配合節奏打不同音調,Phone,3
10配合節奏打不同音調,Phone,4
10配合節奏打不同音調,Phone,5
10配合節奏打不同音調,Phone,3
11Z軸Rotate,In-Air,4
11Z軸Rotate,In-Air,3
11Z軸Rotate,In-Air,3
11Z軸Rotate,In-Air,4
11Z軸Rotate,In-Air,5
11Z軸Rotate,In-Air,4
11Z軸Rotate,In-Air,4
11Z軸Rotate,In-Air,3
11Z軸Rotate,In-Air,5
11Z軸Rotate,In-Air,2
11Z軸Rotate,In-Air,5
11Z軸Rotate,In-Air,5
11Z軸Rotate,In-Air,3
11Z軸Rotate,In-Air,4
11Z軸Rotate,In-Air,5
11Z軸Rotate,In-Air,3
11Z軸Rotate,In-Air,4
11Z軸Rotate,In-Air,5
11Z軸Rotate,In-Air,4
11Z軸Rotate,In-Air,4
11Z軸Rotate,In-Air,3
11Z軸Rotate,In-Air,4
11Z軸Rotate,In-Air,5
11Z軸Rotate,In-Air,4
11Z軸Rotate,In-Air,4
11Z軸Rotate,In-Air,3
11Z軸Rotate,In-Air,3
11Z軸Rotate,In-Air,4
11Z軸Rotate,In-Air,4
11Z軸Rotate,In-Air,4
11Z軸Rotate,In-Air,4
11Z軸Rotate,In-Air,3
11Z軸Rotate,In-Air,5
11Z軸Rotate,In-Air,2
11Z軸Rotate,In-Air,5
11Z軸Rotate,In-Air,5
11Z軸Rotate,In-Air,3
11Z軸Rotate,In-Air,4
11Z軸Rotate,In-Air,5
11Z軸Rotate,In-Air,3
11Z軸Rotate,In-Air,4
11Z軸Rotate,In-Air,5
11Z軸Rotate,In-Air,4
11Z軸Rotate,In-Air,4
11Z軸Rotate,In-Air,5
11Z軸Rotate,In-Air,4
11Z軸Rotate,In-Air,5
11Z軸Rotate,In-Air,4
11Z軸Rotate,On-Body,3
11Z軸Rotate,On-Body,4
11Z軸Rotate,On-Body,4
11Z軸Rotate,On-Body,4
11Z軸Rotate,On-Body,3
11Z軸Rotate,On-Body,3
11Z軸Rotate,On-Body,4
11Z軸Rotate,On-Body,3
11Z軸Rotate,On-Body,5
11Z軸Rotate,On-Body,3
11Z軸Rotate,On-Body,2
11Z軸Rotate,On-Body,4
11Z軸Rotate,On-Body,3
11Z軸Rotate,On-Body,3
11Z軸Rotate,On-Body,4
11Z軸Rotate,On-Body,4
11Z軸Rotate,On-Body,3
11Z軸Rotate,On-Body,4
11Z軸Rotate,On-Body,3
11Z軸Rotate,On-Body,3
11Z軸Rotate,On-Body,5
11Z軸Rotate,On-Body,2
11Z軸Rotate,On-Body,5
11Z軸Rotate,On-Body,4
11Z軸Rotate,On-Body,3
11Z軸Rotate,On-Body,4
11Z軸Rotate,On-Body,4
11Z軸Rotate,On-Body,4
11Z軸Rotate,On-Body,3
11Z軸Rotate,On-Body,3
11Z軸Rotate,On-Body,4
11Z軸Rotate,On-Body,3
11Z軸Rotate,On-Body,5
11Z軸Rotate,On-Body,3
11Z軸Rotate,On-Body,2
11Z軸Rotate,On-Body,4
11Z軸Rotate,On-Body,3
11Z軸Rotate,On-Body,3
11Z軸Rotate,On-Body,4
11Z軸Rotate,On-Body,4
11Z軸Rotate,On-Body,3
11Z軸Rotate,On-Body,4
11Z軸Rotate,On-Body,3
11Z軸Rotate,On-Body,3
11Z軸Rotate,On-Body,5
11Z軸Rotate,On-Body,2
11Z軸Rotate,On-Body,5
11Z軸Rotate,On-Body,4
11Z軸Rotate,Phone,3
11Z軸Rotate,Phone,4
11Z軸Rotate,Phone,3
11Z軸Rotate,Phone,3
11Z軸Rotate,Phone,4
11Z軸Rotate,Phone,3
11Z軸Rotate,Phone,4
11Z軸Rotate,Phone,2
11Z軸Rotate,Phone,5
11Z軸Rotate,Phone,3
11Z軸Rotate,Phone,3
11Z軸Rotate,Phone,3
11Z軸Rotate,Phone,3
11Z軸Rotate,Phone,4
11Z軸Rotate,Phone,4
11Z軸Rotate,Phone,4
11Z軸Rotate,Phone,3
11Z軸Rotate,Phone,4
11Z軸Rotate,Phone,5
11Z軸Rotate,Phone,4
11Z軸Rotate,Phone,3
11Z軸Rotate,Phone,4
11Z軸Rotate,Phone,5
11Z軸Rotate,Phone,4
11Z軸Rotate,Phone,3
11Z軸Rotate,Phone,4
11Z軸Rotate,Phone,3
11Z軸Rotate,Phone,3
11Z軸Rotate,Phone,4
11Z軸Rotate,Phone,4
11Z軸Rotate,Phone,4
11Z軸Rotate,Phone,3
11Z軸Rotate,Phone,5
11Z軸Rotate,Phone,3
11Z軸Rotate,Phone,3
11Z軸Rotate,Phone,3
11Z軸Rotate,Phone,3
11Z軸Rotate,Phone,4
11Z軸Rotate,Phone,4
11Z軸Rotate,Phone,4
11Z軸Rotate,Phone,3
11Z軸Rotate,Phone,4
11Z軸Rotate,Phone,5
11Z軸Rotate,Phone,4
11Z軸Rotate,Phone,3
11Z軸Rotate,Phone,4
11Z軸Rotate,Phone,5
11Z軸Rotate,Phone,4
12Y軸Rotate,In-Air,4
12Y軸Rotate,In-Air,5
12Y軸Rotate,In-Air,4
12Y軸Rotate,In-Air,4
12Y軸Rotate,In-Air,5
12Y軸Rotate,In-Air,4
12Y軸Rotate,In-Air,5
12Y軸Rotate,In-Air,3
12Y軸Rotate,In-Air,2
12Y軸Rotate,In-Air,5
12Y軸Rotate,In-Air,3
12Y軸Rotate,In-Air,5
12Y軸Rotate,In-Air,3
12Y軸Rotate,In-Air,3
12Y軸Rotate,In-Air,4
12Y軸Rotate,In-Air,4
12Y軸Rotate,In-Air,4
12Y軸Rotate,In-Air,5
12Y軸Rotate,In-Air,4
12Y軸Rotate,In-Air,4
12Y軸Rotate,In-Air,2
12Y軸Rotate,In-Air,4
12Y軸Rotate,In-Air,5
12Y軸Rotate,In-Air,4
12Y軸Rotate,In-Air,4
12Y軸Rotate,In-Air,5
12Y軸Rotate,In-Air,3
12Y軸Rotate,In-Air,4
12Y軸Rotate,In-Air,4
12Y軸Rotate,In-Air,3
12Y軸Rotate,In-Air,5
12Y軸Rotate,In-Air,3
12Y軸Rotate,In-Air,2
12Y軸Rotate,In-Air,5
12Y軸Rotate,In-Air,3
12Y軸Rotate,In-Air,5
12Y軸Rotate,In-Air,3
12Y軸Rotate,In-Air,3
12Y軸Rotate,In-Air,4
12Y軸Rotate,In-Air,4
12Y軸Rotate,In-Air,4
12Y軸Rotate,In-Air,5
12Y軸Rotate,In-Air,4
12Y軸Rotate,In-Air,4
12Y軸Rotate,In-Air,2
12Y軸Rotate,In-Air,4
12Y軸Rotate,In-Air,5
12Y軸Rotate,In-Air,4
12Y軸Rotate,On-Body,3
12Y軸Rotate,On-Body,5
12Y軸Rotate,On-Body,4
12Y軸Rotate,On-Body,3
12Y軸Rotate,On-Body,3
12Y軸Rotate,On-Body,3
12Y軸Rotate,On-Body,4
12Y軸Rotate,On-Body,4
12Y軸Rotate,On-Body,3
12Y軸Rotate,On-Body,5
12Y軸Rotate,On-Body,1
12Y軸Rotate,On-Body,3
12Y軸Rotate,On-Body,4
12Y軸Rotate,On-Body,4
12Y軸Rotate,On-Body,5
12Y軸Rotate,On-Body,4
12Y軸Rotate,On-Body,4
12Y軸Rotate,On-Body,5
12Y軸Rotate,On-Body,3
12Y軸Rotate,On-Body,3
12Y軸Rotate,On-Body,4
12Y軸Rotate,On-Body,4
12Y軸Rotate,On-Body,4
12Y軸Rotate,On-Body,4
12Y軸Rotate,On-Body,3
12Y軸Rotate,On-Body,5
12Y軸Rotate,On-Body,4
12Y軸Rotate,On-Body,3
12Y軸Rotate,On-Body,3
12Y軸Rotate,On-Body,3
12Y軸Rotate,On-Body,4
12Y軸Rotate,On-Body,4
12Y軸Rotate,On-Body,3
12Y軸Rotate,On-Body,5
12Y軸Rotate,On-Body,1
12Y軸Rotate,On-Body,4
12Y軸Rotate,On-Body,4
12Y軸Rotate,On-Body,4
12Y軸Rotate,On-Body,5
12Y軸Rotate,On-Body,4
12Y軸Rotate,On-Body,4
12Y軸Rotate,On-Body,5
12Y軸Rotate,On-Body,3
12Y軸Rotate,On-Body,3
12Y軸Rotate,On-Body,4
12Y軸Rotate,On-Body,4
12Y軸Rotate,On-Body,4
12Y軸Rotate,On-Body,4
12Y軸Rotate,Phone,3
12Y軸Rotate,Phone,4
12Y軸Rotate,Phone,3
12Y軸Rotate,Phone,3
12Y軸Rotate,Phone,2
12Y軸Rotate,Phone,3
12Y軸Rotate,Phone,4
12Y軸Rotate,Phone,4
12Y軸Rotate,Phone,3
12Y軸Rotate,Phone,5
12Y軸Rotate,Phone,2
12Y軸Rotate,Phone,3
12Y軸Rotate,Phone,3
12Y軸Rotate,Phone,4
12Y軸Rotate,Phone,4
12Y軸Rotate,Phone,4
12Y軸Rotate,Phone,4
12Y軸Rotate,Phone,4
12Y軸Rotate,Phone,3
12Y軸Rotate,Phone,4
12Y軸Rotate,Phone,3
12Y軸Rotate,Phone,3
12Y軸Rotate,Phone,4
12Y軸Rotate,Phone,4
12Y軸Rotate,Phone,3
12Y軸Rotate,Phone,4
12Y軸Rotate,Phone,3
12Y軸Rotate,Phone,3
12Y軸Rotate,Phone,2
12Y軸Rotate,Phone,3
12Y軸Rotate,Phone,4
12Y軸Rotate,Phone,4
12Y軸Rotate,Phone,3
12Y軸Rotate,Phone,5
12Y軸Rotate,Phone,2
12Y軸Rotate,Phone,3
12Y軸Rotate,Phone,3
12Y軸Rotate,Phone,4
12Y軸Rotate,Phone,4
12Y軸Rotate,Phone,4
12Y軸Rotate,Phone,4
12Y軸Rotate,Phone,4
12Y軸Rotate,Phone,3
12Y軸Rotate,Phone,4
12Y軸Rotate,Phone,3
12Y軸Rotate,Phone,3
12Y軸Rotate,Phone,4
12Y軸Rotate,Phone,4
13Avator Jump,In-Air,4
13Avator Jump,In-Air,4
13Avator Jump,In-Air,4
13Avator Jump,In-Air,4
13Avator Jump,In-Air,4
13Avator Jump,In-Air,4
13Avator Jump,In-Air,2
13Avator Jump,In-Air,4
13Avator Jump,In-Air,3
13Avator Jump,In-Air,5
13Avator Jump,In-Air,2
13Avator Jump,In-Air,5
13Avator Jump,In-Air,3
13Avator Jump,In-Air,2
13Avator Jump,In-Air,4
13Avator Jump,In-Air,4
13Avator Jump,In-Air,4
13Avator Jump,In-Air,5
13Avator Jump,In-Air,2
13Avator Jump,In-Air,4
13Avator Jump,In-Air,4
13Avator Jump,In-Air,4
13Avator Jump,In-Air,4
13Avator Jump,In-Air,3
13Avator Jump,In-Air,4
13Avator Jump,In-Air,5
13Avator Jump,In-Air,4
13Avator Jump,In-Air,4
13Avator Jump,In-Air,4
13Avator Jump,In-Air,4
13Avator Jump,In-Air,2
13Avator Jump,In-Air,3
13Avator Jump,In-Air,3
13Avator Jump,In-Air,5
13Avator Jump,In-Air,2
13Avator Jump,In-Air,5
13Avator Jump,In-Air,3
13Avator Jump,In-Air,2
13Avator Jump,In-Air,4
13Avator Jump,In-Air,4
13Avator Jump,In-Air,4
13Avator Jump,In-Air,5
13Avator Jump,In-Air,2
13Avator Jump,In-Air,4
13Avator Jump,In-Air,4
13Avator Jump,In-Air,4
13Avator Jump,In-Air,4
13Avator Jump,In-Air,3
13Avator Jump,On-Body,4
13Avator Jump,On-Body,5
13Avator Jump,On-Body,4
13Avator Jump,On-Body,4
13Avator Jump,On-Body,5
13Avator Jump,On-Body,4
13Avator Jump,On-Body,3
13Avator Jump,On-Body,4
13Avator Jump,On-Body,3
13Avator Jump,On-Body,5
13Avator Jump,On-Body,4
13Avator Jump,On-Body,4
13Avator Jump,On-Body,5
13Avator Jump,On-Body,3
13Avator Jump,On-Body,5
13Avator Jump,On-Body,4
13Avator Jump,On-Body,4
13Avator Jump,On-Body,4
13Avator Jump,On-Body,4
13Avator Jump,On-Body,3
13Avator Jump,On-Body,4
13Avator Jump,On-Body,2
13Avator Jump,On-Body,5
13Avator Jump,On-Body,3
13Avator Jump,On-Body,3
13Avator Jump,On-Body,5
13Avator Jump,On-Body,4
13Avator Jump,On-Body,4
13Avator Jump,On-Body,5
13Avator Jump,On-Body,4
13Avator Jump,On-Body,3
13Avator Jump,On-Body,4
13Avator Jump,On-Body,3
13Avator Jump,On-Body,5
13Avator Jump,On-Body,4
13Avator Jump,On-Body,4
13Avator Jump,On-Body,5
13Avator Jump,On-Body,3
13Avator Jump,On-Body,5
13Avator Jump,On-Body,4
13Avator Jump,On-Body,4
13Avator Jump,On-Body,4
13Avator Jump,On-Body,4
13Avator Jump,On-Body,3
13Avator Jump,On-Body,4
13Avator Jump,On-Body,2
13Avator Jump,On-Body,5
13Avator Jump,On-Body,3
13Avator Jump,Phone,4
13Avator Jump,Phone,4
13Avator Jump,Phone,3
13Avator Jump,Phone,4
13Avator Jump,Phone,3
13Avator Jump,Phone,4
13Avator Jump,Phone,4
13Avator Jump,Phone,3
13Avator Jump,Phone,3
13Avator Jump,Phone,5
13Avator Jump,Phone,5
13Avator Jump,Phone,3
13Avator Jump,Phone,3
13Avator Jump,Phone,4
13Avator Jump,Phone,4
13Avator Jump,Phone,5
13Avator Jump,Phone,4
13Avator Jump,Phone,4
13Avator Jump,Phone,5
13Avator Jump,Phone,4
13Avator Jump,Phone,2
13Avator Jump,Phone,4
13Avator Jump,Phone,4
13Avator Jump,Phone,3
13Avator Jump,Phone,4
13Avator Jump,Phone,4
13Avator Jump,Phone,3
13Avator Jump,Phone,4
13Avator Jump,Phone,3
13Avator Jump,Phone,4
13Avator Jump,Phone,4
13Avator Jump,Phone,3
13Avator Jump,Phone,3
13Avator Jump,Phone,5
13Avator Jump,Phone,5
13Avator Jump,Phone,3
13Avator Jump,Phone,3
13Avator Jump,Phone,4
13Avator Jump,Phone,4
13Avator Jump,Phone,5
13Avator Jump,Phone,4
13Avator Jump,Phone,4
13Avator Jump,Phone,5
13Avator Jump,Phone,4
13Avator Jump,Phone,2
13Avator Jump,Phone,4
13Avator Jump,Phone,4
13Avator Jump,Phone,3
14Avator 3D Move ,In-Air,4
14Avator 3D Move ,In-Air,3
14Avator 3D Move ,In-Air,3
14Avator 3D Move ,In-Air,3
14Avator 3D Move ,In-Air,5
14Avator 3D Move ,In-Air,3
14Avator 3D Move ,In-Air,3
14Avator 3D Move ,In-Air,3
14Avator 3D Move ,In-Air,2
14Avator 3D Move ,In-Air,3
14Avator 3D Move ,In-Air,4
14Avator 3D Move ,In-Air,4
14Avator 3D Move ,In-Air,3
14Avator 3D Move ,In-Air,2
14Avator 3D Move ,In-Air,4
14Avator 3D Move ,In-Air,3
14Avator 3D Move ,In-Air,3
14Avator 3D Move ,In-Air,4
14Avator 3D Move ,In-Air,4
14Avator 3D Move ,In-Air,4
14Avator 3D Move ,In-Air,5
14Avator 3D Move ,In-Air,3
14Avator 3D Move ,In-Air,5
14Avator 3D Move ,In-Air,4
14Avator 3D Move ,In-Air,4
14Avator 3D Move ,In-Air,3
14Avator 3D Move ,In-Air,3
14Avator 3D Move ,In-Air,3
14Avator 3D Move ,In-Air,5
14Avator 3D Move ,In-Air,4
14Avator 3D Move ,In-Air,3
14Avator 3D Move ,In-Air,3
14Avator 3D Move ,In-Air,2
14Avator 3D Move ,In-Air,3
14Avator 3D Move ,In-Air,4
14Avator 3D Move ,In-Air,4
14Avator 3D Move ,In-Air,3
14Avator 3D Move ,In-Air,2
14Avator 3D Move ,In-Air,4
14Avator 3D Move ,In-Air,3
14Avator 3D Move ,In-Air,3
14Avator 3D Move ,In-Air,4
14Avator 3D Move ,In-Air,4
14Avator 3D Move ,In-Air,4
14Avator 3D Move ,In-Air,3
14Avator 3D Move ,In-Air,3
14Avator 3D Move ,In-Air,5
14Avator 3D Move ,In-Air,4
14Avator 3D Move ,On-Body,4
14Avator 3D Move ,On-Body,3
14Avator 3D Move ,On-Body,4
14Avator 3D Move ,On-Body,4
14Avator 3D Move ,On-Body,4
14Avator 3D Move ,On-Body,3
14Avator 3D Move ,On-Body,3
14Avator 3D Move ,On-Body,4
14Avator 3D Move ,On-Body,3
14Avator 3D Move ,On-Body,5
14Avator 3D Move ,On-Body,4
14Avator 3D Move ,On-Body,5
14Avator 3D Move ,On-Body,3
14Avator 3D Move ,On-Body,4
14Avator 3D Move ,On-Body,5
14Avator 3D Move ,On-Body,4
14Avator 3D Move ,On-Body,3
14Avator 3D Move ,On-Body,4
14Avator 3D Move ,On-Body,3
14Avator 3D Move ,On-Body,3
14Avator 3D Move ,On-Body,5
14Avator 3D Move ,On-Body,3
14Avator 3D Move ,On-Body,4
14Avator 3D Move ,On-Body,3
14Avator 3D Move ,On-Body,3
14Avator 3D Move ,On-Body,3
14Avator 3D Move ,On-Body,4
14Avator 3D Move ,On-Body,4
14Avator 3D Move ,On-Body,4
14Avator 3D Move ,On-Body,3
14Avator 3D Move ,On-Body,3
14Avator 3D Move ,On-Body,4
14Avator 3D Move ,On-Body,3
14Avator 3D Move ,On-Body,4
14Avator 3D Move ,On-Body,4
14Avator 3D Move ,On-Body,5
14Avator 3D Move ,On-Body,3
14Avator 3D Move ,On-Body,4
14Avator 3D Move ,On-Body,5
14Avator 3D Move ,On-Body,4
14Avator 3D Move ,On-Body,3
14Avator 3D Move ,On-Body,4
14Avator 3D Move ,On-Body,3
14Avator 3D Move ,On-Body,3
14Avator 3D Move ,On-Body,5
14Avator 3D Move ,On-Body,3
14Avator 3D Move ,On-Body,4
14Avator 3D Move ,On-Body,3
14Avator 3D Move ,Phone,4
14Avator 3D Move ,Phone,4
14Avator 3D Move ,Phone,3
14Avator 3D Move ,Phone,3
14Avator 3D Move ,Phone,3
14Avator 3D Move ,Phone,3
14Avator 3D Move ,Phone,3
14Avator 3D Move ,Phone,4
14Avator 3D Move ,Phone,3
14Avator 3D Move ,Phone,1
14Avator 3D Move ,Phone,3
14Avator 3D Move ,Phone,3
14Avator 3D Move ,Phone,3
14Avator 3D Move ,Phone,3
14Avator 3D Move ,Phone,4
14Avator 3D Move ,Phone,3
14Avator 3D Move ,Phone,4
14Avator 3D Move ,Phone,4
14Avator 3D Move ,Phone,5
14Avator 3D Move ,Phone,5
14Avator 3D Move ,Phone,4
14Avator 3D Move ,Phone,4
14Avator 3D Move ,Phone,4
14Avator 3D Move ,Phone,3
14Avator 3D Move ,Phone,4
14Avator 3D Move ,Phone,4
14Avator 3D Move ,Phone,3
14Avator 3D Move ,Phone,3
14Avator 3D Move ,Phone,3
14Avator 3D Move ,Phone,3
14Avator 3D Move ,Phone,3
14Avator 3D Move ,Phone,3
14Avator 3D Move ,Phone,3
14Avator 3D Move ,Phone,1
14Avator 3D Move ,Phone,3
14Avator 3D Move ,Phone,3
14Avator 3D Move ,Phone,3
14Avator 3D Move ,Phone,3
14Avator 3D Move ,Phone,4
14Avator 3D Move ,Phone,3
14Avator 3D Move ,Phone,4
14Avator 3D Move ,Phone,4
14Avator 3D Move ,Phone,5
14Avator 3D Move ,Phone,5
14Avator 3D Move ,Phone,4
14Avator 3D Move ,Phone,4
14Avator 3D Move ,Phone,4
14Avator 3D Move ,Phone,3
15Avator Attack,In-Air,4
15Avator Attack,In-Air,2
15Avator Attack,In-Air,4
15Avator Attack,In-Air,4
15Avator Attack,In-Air,5
15Avator Attack,In-Air,4
15Avator Attack,In-Air,4
15Avator Attack,In-Air,4
15Avator Attack,In-Air,3
15Avator Attack,In-Air,5
15Avator Attack,In-Air,3
15Avator Attack,In-Air,5
15Avator Attack,In-Air,3
15Avator Attack,In-Air,2
15Avator Attack,In-Air,3
15Avator Attack,In-Air,3
15Avator Attack,In-Air,4
15Avator Attack,In-Air,5
15Avator Attack,In-Air,3
15Avator Attack,In-Air,5
15Avator Attack,In-Air,1
15Avator Attack,In-Air,3
15Avator Attack,In-Air,3
15Avator Attack,In-Air,4
15Avator Attack,In-Air,4
15Avator Attack,In-Air,2
15Avator Attack,In-Air,4
15Avator Attack,In-Air,4
15Avator Attack,In-Air,5
15Avator Attack,In-Air,4
15Avator Attack,In-Air,4
15Avator Attack,In-Air,4
15Avator Attack,In-Air,3
15Avator Attack,In-Air,5
15Avator Attack,In-Air,3
15Avator Attack,In-Air,5
15Avator Attack,In-Air,3
15Avator Attack,In-Air,2
15Avator Attack,In-Air,3
15Avator Attack,In-Air,3
15Avator Attack,In-Air,4
15Avator Attack,In-Air,5
15Avator Attack,In-Air,3
15Avator Attack,In-Air,5
15Avator Attack,In-Air,1
15Avator Attack,In-Air,3
15Avator Attack,In-Air,3
15Avator Attack,In-Air,4
15Avator Attack,On-Body,4
15Avator Attack,On-Body,3
15Avator Attack,On-Body,4
15Avator Attack,On-Body,3
15Avator Attack,On-Body,4
15Avator Attack,On-Body,3
15Avator Attack,On-Body,4
15Avator Attack,On-Body,3
15Avator Attack,On-Body,4
15Avator Attack,On-Body,5
15Avator Attack,On-Body,1
15Avator Attack,On-Body,3
15Avator Attack,On-Body,4
15Avator Attack,On-Body,4
15Avator Attack,On-Body,5
15Avator Attack,On-Body,3
15Avator Attack,On-Body,4
15Avator Attack,On-Body,4
15Avator Attack,On-Body,2
15Avator Attack,On-Body,4
15Avator Attack,On-Body,4
15Avator Attack,On-Body,4
15Avator Attack,On-Body,4
15Avator Attack,On-Body,3
15Avator Attack,On-Body,4
15Avator Attack,On-Body,3
15Avator Attack,On-Body,4
15Avator Attack,On-Body,3
15Avator Attack,On-Body,4
15Avator Attack,On-Body,3
15Avator Attack,On-Body,4
15Avator Attack,On-Body,3
15Avator Attack,On-Body,4
15Avator Attack,On-Body,5
15Avator Attack,On-Body,1
15Avator Attack,On-Body,3
15Avator Attack,On-Body,4
15Avator Attack,On-Body,4
15Avator Attack,On-Body,5
15Avator Attack,On-Body,3
15Avator Attack,On-Body,4
15Avator Attack,On-Body,4
15Avator Attack,On-Body,2
15Avator Attack,On-Body,4
15Avator Attack,On-Body,4
15Avator Attack,On-Body,4
15Avator Attack,On-Body,4
15Avator Attack,On-Body,3
15Avator Attack,Phone,4
15Avator Attack,Phone,4
15Avator Attack,Phone,3
15Avator Attack,Phone,4
15Avator Attack,Phone,2
15Avator Attack,Phone,4
15Avator Attack,Phone,4
15Avator Attack,Phone,2
15Avator Attack,Phone,3
15Avator Attack,Phone,1
15Avator Attack,Phone,5
15Avator Attack,Phone,3
15Avator Attack,Phone,3
15Avator Attack,Phone,3
15Avator Attack,Phone,4
15Avator Attack,Phone,4
15Avator Attack,Phone,4
15Avator Attack,Phone,4
15Avator Attack,Phone,3
15Avator Attack,Phone,4
15Avator Attack,Phone,3
15Avator Attack,Phone,5
15Avator Attack,Phone,4
15Avator Attack,Phone,3
15Avator Attack,Phone,4
15Avator Attack,Phone,4
15Avator Attack,Phone,3
15Avator Attack,Phone,4
15Avator Attack,Phone,2
15Avator Attack,Phone,4
15Avator Attack,Phone,4
15Avator Attack,Phone,2
15Avator Attack,Phone,3
15Avator Attack,Phone,1
15Avator Attack,Phone,5
15Avator Attack,Phone,3
15Avator Attack,Phone,3
15Avator Attack,Phone,3
15Avator Attack,Phone,4
15Avator Attack,Phone,4
15Avator Attack,Phone,4
15Avator Attack,Phone,4
15Avator Attack,Phone,3
15Avator Attack,Phone,4
15Avator Attack,Phone,3
15Avator Attack,Phone,5
15Avator Attack,Phone,4
15Avator Attack,Phone,3
16Avator Duck,In-Air,4
16Avator Duck,In-Air,4
16Avator Duck,In-Air,4
16Avator Duck,In-Air,4
16Avator Duck,In-Air,5
16Avator Duck,In-Air,3
16Avator Duck,In-Air,4
16Avator Duck,In-Air,2
16Avator Duck,In-Air,3
16Avator Duck,In-Air,5
16Avator Duck,In-Air,4
16Avator Duck,In-Air,5
16Avator Duck,In-Air,4
16Avator Duck,In-Air,3
16Avator Duck,In-Air,4
16Avator Duck,In-Air,3
16Avator Duck,In-Air,4
16Avator Duck,In-Air,5
16Avator Duck,In-Air,3
16Avator Duck,In-Air,4
16Avator Duck,In-Air,3
16Avator Duck,In-Air,4
16Avator Duck,In-Air,3
16Avator Duck,In-Air,4
16Avator Duck,In-Air,4
16Avator Duck,In-Air,4
16Avator Duck,In-Air,4
16Avator Duck,In-Air,4
16Avator Duck,In-Air,5
16Avator Duck,In-Air,3
16Avator Duck,In-Air,4
16Avator Duck,In-Air,2
16Avator Duck,In-Air,3
16Avator Duck,In-Air,5
16Avator Duck,In-Air,4
16Avator Duck,In-Air,5
16Avator Duck,In-Air,4
16Avator Duck,In-Air,3
16Avator Duck,In-Air,4
16Avator Duck,In-Air,3
16Avator Duck,In-Air,4
16Avator Duck,In-Air,5
16Avator Duck,In-Air,3
16Avator Duck,In-Air,4
16Avator Duck,In-Air,3
16Avator Duck,In-Air,4
16Avator Duck,In-Air,3
16Avator Duck,In-Air,4
16Avator Duck,On-Body,4
16Avator Duck,On-Body,5
16Avator Duck,On-Body,4
16Avator Duck,On-Body,4
16Avator Duck,On-Body,4
16Avator Duck,On-Body,3
16Avator Duck,On-Body,4
16Avator Duck,On-Body,4
16Avator Duck,On-Body,3
16Avator Duck,On-Body,5
16Avator Duck,On-Body,5
16Avator Duck,On-Body,4
16Avator Duck,On-Body,3
16Avator Duck,On-Body,2
16Avator Duck,On-Body,5
16Avator Duck,On-Body,3
16Avator Duck,On-Body,3
16Avator Duck,On-Body,4
16Avator Duck,On-Body,3
16Avator Duck,On-Body,3
16Avator Duck,On-Body,5
16Avator Duck,On-Body,4
16Avator Duck,On-Body,3
16Avator Duck,On-Body,4
16Avator Duck,On-Body,4
16Avator Duck,On-Body,5
16Avator Duck,On-Body,4
16Avator Duck,On-Body,4
16Avator Duck,On-Body,4
16Avator Duck,On-Body,3
16Avator Duck,On-Body,3
16Avator Duck,On-Body,4
16Avator Duck,On-Body,3
16Avator Duck,On-Body,5
16Avator Duck,On-Body,5
16Avator Duck,On-Body,4
16Avator Duck,On-Body,3
16Avator Duck,On-Body,2
16Avator Duck,On-Body,5
16Avator Duck,On-Body,3
16Avator Duck,On-Body,3
16Avator Duck,On-Body,4
16Avator Duck,On-Body,3
16Avator Duck,On-Body,3
16Avator Duck,On-Body,5
16Avator Duck,On-Body,4
16Avator Duck,On-Body,3
16Avator Duck,On-Body,4
16Avator Duck,Phone,4
16Avator Duck,Phone,4
16Avator Duck,Phone,3
16Avator Duck,Phone,4
16Avator Duck,Phone,3
16Avator Duck,Phone,4
16Avator Duck,Phone,4
16Avator Duck,Phone,3
16Avator Duck,Phone,3
16Avator Duck,Phone,5
16Avator Duck,Phone,2
16Avator Duck,Phone,4
16Avator Duck,Phone,3
16Avator Duck,Phone,4
16Avator Duck,Phone,3
16Avator Duck,Phone,4
16Avator Duck,Phone,4
16Avator Duck,Phone,4
16Avator Duck,Phone,5
16Avator Duck,Phone,3
16Avator Duck,Phone,3
16Avator Duck,Phone,4
16Avator Duck,Phone,4
16Avator Duck,Phone,3
16Avator Duck,Phone,4
16Avator Duck,Phone,4
16Avator Duck,Phone,3
16Avator Duck,Phone,4
16Avator Duck,Phone,3
16Avator Duck,Phone,4
16Avator Duck,Phone,4
16Avator Duck,Phone,3
16Avator Duck,Phone,3
16Avator Duck,Phone,5
16Avator Duck,Phone,2
16Avator Duck,Phone,4
16Avator Duck,Phone,3
16Avator Duck,Phone,4
16Avator Duck,Phone,3
16Avator Duck,Phone,4
16Avator Duck,Phone,4
16Avator Duck,Phone,4
16Avator Duck,Phone,5
16Avator Duck,Phone,3
16Avator Duck,Phone,3
16Avator Duck,Phone,4
16Avator Duck,Phone,4
16Avator Duck,Phone,3
17Control 3D Viewport,In-Air,4
17Control 3D Viewport,In-Air,3
17Control 3D Viewport,In-Air,4
17Control 3D Viewport,In-Air,4
17Control 3D Viewport,In-Air,4
17Control 3D Viewport,In-Air,3
17Control 3D Viewport,In-Air,4
17Control 3D Viewport,In-Air,2
17Control 3D Viewport,In-Air,5
17Control 3D Viewport,In-Air,2
17Control 3D Viewport,In-Air,4
17Control 3D Viewport,In-Air,4
17Control 3D Viewport,In-Air,3
17Control 3D Viewport,In-Air,4
17Control 3D Viewport,In-Air,5
17Control 3D Viewport,In-Air,3
17Control 3D Viewport,In-Air,4
17Control 3D Viewport,In-Air,5
17Control 3D Viewport,In-Air,3
17Control 3D Viewport,In-Air,4
17Control 3D Viewport,In-Air,3
17Control 3D Viewport,In-Air,3
17Control 3D Viewport,In-Air,3
17Control 3D Viewport,In-Air,4
17Control 3D Viewport,In-Air,4
17Control 3D Viewport,In-Air,3
17Control 3D Viewport,In-Air,4
17Control 3D Viewport,In-Air,4
17Control 3D Viewport,In-Air,5
17Control 3D Viewport,In-Air,3
17Control 3D Viewport,In-Air,4
17Control 3D Viewport,In-Air,2
17Control 3D Viewport,In-Air,5
17Control 3D Viewport,In-Air,2
17Control 3D Viewport,In-Air,4
17Control 3D Viewport,In-Air,4
17Control 3D Viewport,In-Air,3
17Control 3D Viewport,In-Air,4
17Control 3D Viewport,In-Air,5
17Control 3D Viewport,In-Air,3
17Control 3D Viewport,In-Air,4
17Control 3D Viewport,In-Air,5
17Control 3D Viewport,In-Air,3
17Control 3D Viewport,In-Air,4
17Control 3D Viewport,In-Air,3
17Control 3D Viewport,In-Air,3
17Control 3D Viewport,In-Air,3
17Control 3D Viewport,In-Air,4
17Control 3D Viewport,On-Body,5
17Control 3D Viewport,On-Body,2
17Control 3D Viewport,On-Body,3
17Control 3D Viewport,On-Body,2
17Control 3D Viewport,On-Body,4
17Control 3D Viewport,On-Body,4
17Control 3D Viewport,On-Body,3
17Control 3D Viewport,On-Body,2
17Control 3D Viewport,On-Body,5
17Control 3D Viewport,On-Body,3
17Control 3D Viewport,On-Body,3
17Control 3D Viewport,On-Body,3
17Control 3D Viewport,On-Body,4
17Control 3D Viewport,On-Body,3
17Control 3D Viewport,On-Body,4
17Control 3D Viewport,On-Body,4
17Control 3D Viewport,On-Body,3
17Control 3D Viewport,On-Body,4
17Control 3D Viewport,On-Body,3
17Control 3D Viewport,On-Body,3
17Control 3D Viewport,On-Body,3
17Control 3D Viewport,On-Body,2
17Control 3D Viewport,On-Body,4
17Control 3D Viewport,On-Body,3
17Control 3D Viewport,On-Body,4
17Control 3D Viewport,On-Body,2
17Control 3D Viewport,On-Body,3
17Control 3D Viewport,On-Body,2
17Control 3D Viewport,On-Body,4
17Control 3D Viewport,On-Body,4
17Control 3D Viewport,On-Body,3
17Control 3D Viewport,On-Body,2
17Control 3D Viewport,On-Body,5
17Control 3D Viewport,On-Body,3
17Control 3D Viewport,On-Body,3
17Control 3D Viewport,On-Body,3
17Control 3D Viewport,On-Body,4
17Control 3D Viewport,On-Body,3
17Control 3D Viewport,On-Body,4
17Control 3D Viewport,On-Body,4
17Control 3D Viewport,On-Body,3
17Control 3D Viewport,On-Body,5
17Control 3D Viewport,On-Body,3
17Control 3D Viewport,On-Body,3
17Control 3D Viewport,On-Body,3
17Control 3D Viewport,On-Body,2
17Control 3D Viewport,On-Body,4
17Control 3D Viewport,On-Body,4
17Control 3D Viewport,Phone,3
17Control 3D Viewport,Phone,4
17Control 3D Viewport,Phone,3
17Control 3D Viewport,Phone,4
17Control 3D Viewport,Phone,4
17Control 3D Viewport,Phone,4
17Control 3D Viewport,Phone,4
17Control 3D Viewport,Phone,4
17Control 3D Viewport,Phone,3
17Control 3D Viewport,Phone,3
17Control 3D Viewport,Phone,3
17Control 3D Viewport,Phone,3
17Control 3D Viewport,Phone,3
17Control 3D Viewport,Phone,4
17Control 3D Viewport,Phone,4
17Control 3D Viewport,Phone,4
17Control 3D Viewport,Phone,3
17Control 3D Viewport,Phone,4
17Control 3D Viewport,Phone,3
17Control 3D Viewport,Phone,5
17Control 3D Viewport,Phone,4
17Control 3D Viewport,Phone,5
17Control 3D Viewport,Phone,4
17Control 3D Viewport,Phone,4
17Control 3D Viewport,Phone,4
17Control 3D Viewport,Phone,4
17Control 3D Viewport,Phone,3
17Control 3D Viewport,Phone,4
17Control 3D Viewport,Phone,4
17Control 3D Viewport,Phone,4
17Control 3D Viewport,Phone,4
17Control 3D Viewport,Phone,4
17Control 3D Viewport,Phone,3
17Control 3D Viewport,Phone,3
17Control 3D Viewport,Phone,3
17Control 3D Viewport,Phone,3
17Control 3D Viewport,Phone,3
17Control 3D Viewport,Phone,4
17Control 3D Viewport,Phone,4
17Control 3D Viewport,Phone,4
17Control 3D Viewport,Phone,3
17Control 3D Viewport,Phone,4
17Control 3D Viewport,Phone,3
17Control 3D Viewport,Phone,5
17Control 3D Viewport,Phone,4
17Control 3D Viewport,Phone,5
17Control 3D Viewport,Phone,4
17Control 3D Viewport,Phone,4